{"cameraMode":{"drawMode":0,"name":"Shaded","section":"Shading Mode"},"sceneLighting":false,"audioPlay":false,"sceneViewState":{"m_AlwaysRefresh":false,"showFog":true,"showSkybox":false,"showFlares":true,"showImageEffects":true,"showParticleSystems":true,"showVisualEffectGraphs":true,"m_FxEnabled":true},"in2DMode":false,"pivot":{"x":1.5918426513671876,"y":36.72791290283203,"z":36.09077453613281},"rotation":{"x":-0.021098855882883073,"y":0.49638551473617556,"z":-0.012069988064467907,"w":-0.8677662014961243},"size":482.14178466796877,"orthographic":false}